Team,G,W,L,T,PCT,R,RUNSPG,AB,H,BA,TB,SLGPCT,BB,HBP,SacF,SacH,OBP,IP,RALLOW,ER,ERA
A&M-Corpus Christi (Southland),51,8,43,0,0.157,108,2.12,"1,230",274,0.223,363,0.295,96,21,8,13,0.289,307.2,318,264,6.01
Abilene Christian (Southland),44,13,31,0,0.295,170,3.86,"1,141",300,0.263,443,0.388,121,33,11,32,0.348,284,234,184,4.54
Akron (MAC),46,13,31,2,0.304,192,4.17,"1,150",312,0.271,457,0.397,81,24,12,37,0.329,289.2,306,246,5.94
Alabama (SEC),70,60,10,0,0.857,432,6.17,"1,799",510,0.283,870,0.484,333,32,14,46,0.402,473.2,166,145,2.14
Alabama A&M (SWAC),42,23,19,0,0.548,184,4.38,"1,145",311,0.272,445,0.389,102,23,7,31,0.341,279.2,181,145,3.63
Alabama St. (SWAC),49,24,25,0,0.49,248,5.06,"1,333",404,0.303,560,0.42,112,36,12,14,0.37,318.2,243,166,3.65
Albany (NY) (America East),43,26,17,0,0.605,214,4.98,"1,187",319,0.269,443,0.373,118,16,8,14,0.341,304,162,135,3.11
Alcorn (SWAC),38,14,24,0,0.368,169,4.45,988,276,0.279,365,0.369,120,29,12,22,0.37,243,198,138,3.98
Appalachian St. (Sun Belt),56,31,25,0,0.554,223,3.98,"1,456",348,0.239,511,0.351,167,15,12,37,0.321,380.1,183,151,2.78
Arizona (Pac-12),62,48,14,0,0.774,402,6.48,"1,655",527,0.318,944,0.57,202,24,13,27,0.398,400.2,120,92,1.61
Arizona St. (Pac-12),55,35,20,0,0.636,411,7.47,"1,370",436,0.318,830,0.606,210,38,15,14,0.419,336.1,269,223,4.64
Ark.-Pine Bluff (SWAC),38,4,34,0,0.105,81,2.13,866,167,0.193,229,0.264,65,16,0,13,0.262,217,269,208,6.71
Arkansas (SEC),58,38,20,0,0.655,284,4.9,"1,487",428,0.288,662,0.445,162,56,22,21,0.374,375.1,183,107,2
Army West Point (Patriot),56,26,30,0,0.464,232,4.14,"1,483",395,0.266,524,0.353,143,30,14,35,0.34,370.2,209,165,3.12
Auburn (SEC),60,39,21,0,0.65,332,5.53,"1,549",443,0.286,738,0.476,178,34,15,15,0.369,388,192,148,2.67
Austin Peay (OVC),55,33,22,0,0.6,277,5.04,"1,503",437,0.291,714,0.475,146,26,7,15,0.362,360,168,134,2.61
Ball St. (MAC),54,34,20,0,0.63,273,5.06,"1,397",340,0.243,614,0.44,229,44,12,14,0.364,360,201,145,2.82
Baylor (Big 12),49,18,31,0,0.367,143,2.92,"1,237",301,0.243,406,0.328,136,18,10,28,0.325,326.2,237,185,3.96
Belmont (OVC),54,31,23,0,0.574,279,5.17,"1,412",410,0.29,599,0.424,179,26,18,14,0.376,342.2,188,153,3.13
Bethune-Cookman (MEAC),57,26,31,0,0.456,203,3.56,"1,386",333,0.24,405,0.292,151,44,9,35,0.332,367,234,176,3.36
Binghamton (America East),48,19,29,0,0.396,222,4.63,"1,244",341,0.274,504,0.405,133,25,9,11,0.354,302.1,282,215,4.98
Boise St. (Mountain West),52,36,16,0,0.692,332,6.38,"1,432",458,0.32,752,0.525,114,42,15,17,0.383,337,188,155,3.22
Boston College (ACC),53,18,35,0,0.34,179,3.38,"1,324",329,0.248,454,0.343,150,26,9,37,0.335,336.2,325,251,5.22
Boston U. (Patriot),57,37,20,0,0.649,224,3.93,"1,478",399,0.27,565,0.382,137,42,13,30,0.346,381.2,146,101,1.85
Bowling Green (MAC),51,22,29,0,0.431,225,4.41,"1,368",362,0.265,541,0.395,156,29,8,33,0.35,336,238,177,3.69
Bradley (MVC),50,29,21,0,0.58,293,5.86,"1,327",391,0.295,682,0.514,165,36,12,8,0.384,318.1,232,172,3.78
Brown (Ivy League),39,12,27,0,0.308,122,3.13,994,226,0.227,333,0.335,92,28,4,15,0.309,258.2,170,147,3.98
Bryant (NEC),45,13,32,0,0.289,132,2.93,"1,147",256,0.223,347,0.303,128,27,8,8,0.314,295,216,170,4.03
Bucknell (Patriot),52,28,24,0,0.538,226,4.35,"1,368",388,0.284,573,0.419,126,38,13,33,0.357,341,177,135,2.77
Buffalo (MAC),43,10,32,1,0.244,164,3.81,"1,107",267,0.241,436,0.394,160,30,5,11,0.351,270.1,261,192,4.97
Butler (Big East),48,16,32,0,0.333,158,3.29,"1,289",325,0.252,448,0.348,107,26,9,28,0.32,316,199,159,3.52
BYU (WCC),56,30,26,0,0.536,264,4.71,"1,470",409,0.278,648,0.441,143,33,14,33,0.352,360,210,156,3.03
Cal Poly (Big West),51,11,40,0,0.216,116,2.27,"1,288",277,0.215,379,0.294,99,21,5,41,0.281,332,282,204,4.3
Cal St. Fullerton (Big West),56,38,18,0,0.679,264,4.71,"1,435",408,0.284,638,0.445,154,35,14,46,0.364,372,160,139,2.62
California (Pac-12),55,28,27,0,0.509,259,4.71,"1,515",432,0.285,608,0.401,121,38,12,26,0.351,364.1,204,152,2.92
Campbell (Big South),54,26,28,0,0.481,267,4.94,"1,432",409,0.286,625,0.436,187,33,11,21,0.378,350.1,285,212,4.24
Canisius (MAAC),45,14,31,0,0.311,170,3.78,"1,176",309,0.263,428,0.364,93,16,5,22,0.324,289.1,253,193,4.67
Central Ark. (Southland),54,26,28,0,0.481,261,4.83,"1,432",418,0.292,596,0.416,168,30,23,22,0.373,347.2,241,182,3.66
Central Conn. St. (NEC),41,17,24,0,0.415,194,4.73,"1,145",313,0.273,472,0.412,122,17,10,20,0.349,279.1,207,179,4.49
Central Mich. (MAC),51,22,28,1,0.441,193,3.78,"1,286",326,0.253,482,0.375,124,27,7,34,0.33,330.2,256,224,4.74
Charleston So. (Big South),55,18,37,0,0.327,172,3.13,"1,386",345,0.249,465,0.335,110,39,11,49,0.32,361,267,218,4.23
Charlotte (C-USA),50,15,35,0,0.3,205,4.1,"1,313",375,0.286,568,0.433,142,13,5,19,0.36,308.2,339,281,6.37
Chattanooga (SoCon),54,37,17,0,0.685,258,4.78,"1,434",420,0.293,613,0.427,143,30,20,51,0.364,362.2,151,121,2.34
Cleveland St. (Horizon),49,15,34,0,0.306,162,3.31,"1,307",307,0.235,459,0.351,111,17,5,36,0.302,323.2,275,216,4.67
Coastal Carolina (Sun Belt),60,39,21,0,0.65,263,4.38,"1,482",365,0.246,705,0.476,189,39,8,19,0.345,392,204,179,3.2
Col. of Charleston (CAA),56,26,30,0,0.464,217,3.88,"1,465",399,0.272,552,0.377,160,35,7,25,0.356,371.2,259,222,4.18
Colgate (Patriot),52,25,27,0,0.481,193,3.71,"1,366",366,0.268,546,0.4,112,37,5,22,0.339,336.2,249,211,4.39
Colorado St. (Mountain West),51,39,12,0,0.765,333,6.53,"1,391",447,0.321,769,0.553,142,32,16,22,0.393,332.1,149,122,2.57
Columbia (Ivy League),45,24,21,0,0.533,214,4.76,"1,132",315,0.278,489,0.432,129,22,11,37,0.36,285.1,215,164,4.02
Coppin St. (MEAC),41,9,32,0,0.22,97,2.37,958,205,0.214,268,0.28,98,21,6,24,0.299,246,295,219,6.23
Cornell (Ivy League),46,10,36,0,0.217,152,3.3,"1,139",291,0.255,452,0.397,102,24,10,15,0.327,275.2,366,303,7.69
Creighton (Big East),44,20,24,0,0.455,211,4.8,"1,136",317,0.279,489,0.43,144,38,3,48,0.378,284.2,207,156,3.84
CSU Bakersfield (WAC),47,15,32,0,0.319,157,3.34,"1,229",304,0.247,404,0.329,92,17,13,23,0.306,311.2,258,207,4.65
CSUN (Big West),54,26,28,0,0.481,203,3.76,"1,382",355,0.257,547,0.396,127,32,9,30,0.332,358.1,218,171,3.34
Dartmouth (Ivy League),40,13,27,0,0.325,178,4.45,"1,064",303,0.285,450,0.423,77,26,4,21,0.347,251.2,241,197,5.48
Dayton (Atlantic 10),51,24,27,0,0.471,232,4.55,"1,341",376,0.28,567,0.423,88,20,13,39,0.331,325,279,222,4.78
Delaware (CAA),51,22,29,0,0.431,216,4.24,"1,336",349,0.261,519,0.388,136,36,9,21,0.343,334.1,247,210,4.4
Delaware St. (MEAC),42,10,32,0,0.238,142,3.38,"1,067",270,0.253,346,0.324,66,13,8,36,0.302,261.2,267,206,5.51
DePaul (Big East),51,35,16,0,0.686,250,4.9,"1,326",370,0.279,598,0.451,164,28,14,44,0.367,344.2,198,162,3.29
Detroit Mercy (Horizon),59,31,28,0,0.525,197,3.34,"1,522",378,0.248,549,0.361,114,14,10,19,0.305,393.1,218,166,2.95
Drake (MVC),59,43,16,0,0.729,306,5.19,"1,463",409,0.28,566,0.387,251,18,11,36,0.389,378.1,128,106,1.96
Drexel (CAA),60,32,27,1,0.542,380,6.33,"1,699",543,0.32,854,0.503,206,25,12,17,0.399,388.2,287,241,4.34
Duke (ACC),56,25,31,0,0.446,207,3.7,"1,465",376,0.257,554,0.378,112,39,13,51,0.324,381,223,189,3.47
East Carolina (AAC),54,23,31,0,0.426,215,3.98,"1,404",350,0.249,499,0.355,160,41,9,22,0.341,357.1,255,209,4.09
Eastern Ill. (OVC),55,16,39,0,0.291,212,3.85,"1,480",385,0.26,568,0.384,140,12,15,9,0.326,355,294,234,4.61
Eastern Ky. (OVC),57,35,22,0,0.614,303,5.32,"1,527",447,0.293,692,0.453,168,37,14,23,0.373,373.1,218,183,3.43
Elon (CAA),54,33,20,1,0.62,251,4.65,"1,388",358,0.258,599,0.432,192,25,6,9,0.357,354,249,201,3.97
ETSU (SoCon),51,22,27,2,0.451,222,4.35,"1,359",357,0.263,509,0.375,163,15,9,18,0.346,327.2,244,219,4.68
Evansville (MVC),49,19,30,0,0.388,156,3.18,"1,215",279,0.23,416,0.342,167,15,7,18,0.328,313,247,204,4.56
Fairfield (MAAC),50,26,24,0,0.52,200,4,"1,357",394,0.29,510,0.376,115,25,7,51,0.355,333.1,196,153,3.21
Fairleigh Dickinson (NEC),49,14,35,0,0.286,120,2.45,"1,247",267,0.214,339,0.272,97,14,1,46,0.278,319.1,216,185,4.06
FGCU (ASUN),51,29,22,0,0.569,169,3.31,"1,337",339,0.254,470,0.352,112,31,5,31,0.325,357,117,88,1.73
FIU (C-USA),51,26,25,0,0.51,172,3.37,"1,266",295,0.233,403,0.318,169,26,4,19,0.334,342.2,197,173,3.53
Fla. Atlantic (C-USA),50,20,30,0,0.4,172,3.44,"1,277",332,0.26,436,0.341,147,17,13,24,0.341,329,234,167,3.55
Florida (SEC),67,49,18,0,0.731,302,4.51,"1,739",459,0.264,716,0.412,266,56,15,22,0.376,456,139,122,1.87
Florida A&M (MEAC),53,26,27,0,0.491,258,4.87,"1,390",375,0.27,489,0.352,130,32,9,35,0.344,336,241,192,4
Florida St. (ACC),65,55,10,0,0.846,454,6.98,"1,673",552,0.33,"1,006",0.601,256,19,16,6,0.421,412.1,135,110,1.87
Fordham (Atlantic 10),55,29,26,0,0.527,284,5.16,"1,528",467,0.306,701,0.459,134,18,8,16,0.367,353.1,244,194,3.84
Fresno St. (Mountain West),57,37,20,0,0.649,296,5.19,"1,455",448,0.308,688,0.473,181,44,7,38,0.399,373,191,159,2.98
Furman (SoCon),51,13,38,0,0.255,168,3.29,"1,303",318,0.244,533,0.409,134,30,8,11,0.327,325.2,333,274,5.89
Ga. Southern (Sun Belt),51,23,28,0,0.451,225,4.41,"1,335",349,0.261,571,0.428,150,33,9,13,0.348,341.1,222,179,3.67
Gardner-Webb (Big South),54,30,24,0,0.556,311,5.76,"1,386",412,0.297,654,0.472,181,30,14,24,0.387,342.1,251,192,3.93
George Mason (Atlantic 10),48,22,26,0,0.458,152,3.17,"1,268",307,0.242,390,0.308,134,17,12,27,0.32,325.2,185,134,2.88
George Washington (Atlantic 10),62,44,18,0,0.71,373,6.02,"1,706",582,0.341,856,0.502,160,42,29,30,0.405,412.1,253,205,3.48
Georgetown (Big East),49,14,35,0,0.286,174,3.55,"1,194",296,0.248,438,0.367,137,25,14,37,0.334,313.1,346,300,6.7
Georgia (SEC),61,42,19,0,0.689,368,6.03,"1,580",467,0.296,803,0.508,225,30,18,23,0.39,400.2,175,140,2.45
Georgia St. (Sun Belt),54,8,46,0,0.148,142,2.63,"1,370",305,0.223,414,0.302,158,22,15,17,0.31,341.1,334,263,5.39
Georgia Tech (ACC),58,31,27,0,0.534,326,5.62,"1,514",419,0.277,718,0.474,256,50,15,13,0.395,371.1,308,244,4.6
Grambling (SWAC),39,16,23,0,0.41,198,5.08,954,254,0.266,377,0.395,127,30,8,32,0.367,238.2,246,204,5.98
Grand Canyon (WAC),57,33,24,0,0.579,232,4.07,"1,492",419,0.281,605,0.405,98,36,22,34,0.336,386.1,186,136,2.46
Green Bay (Horizon),41,12,29,0,0.293,144,3.51,"1,091",262,0.24,366,0.335,83,25,6,13,0.307,266.1,215,157,4.13
Hampton (Big South),48,23,25,0,0.479,202,4.21,"1,139",297,0.261,415,0.364,112,21,8,31,0.336,300.1,249,183,4.27
Hartford (America East),51,20,31,0,0.392,186,3.65,"1,316",325,0.247,457,0.347,101,11,9,15,0.304,323.1,284,251,5.43
Harvard (Ivy League),44,25,19,0,0.568,220,5,"1,151",326,0.283,468,0.407,124,23,11,17,0.361,285.2,201,162,3.97
Hawaii (Big West),49,33,16,0,0.673,230,4.69,"1,228",322,0.262,538,0.438,136,37,10,16,0.351,327,161,125,2.68
Hofstra (CAA),47,20,27,0,0.426,224,4.77,"1,297",395,0.305,520,0.401,152,22,16,21,0.383,302.2,277,220,5.09
Holy Cross (Patriot),49,14,35,0,0.286,128,2.61,"1,280",269,0.21,365,0.285,88,26,6,45,0.274,340.1,200,161,3.31
Houston (AAC),58,39,19,0,0.672,271,4.67,"1,487",432,0.291,625,0.42,155,33,12,33,0.368,380.1,146,107,1.97
Houston Baptist (Southland),46,23,23,0,0.5,167,3.63,"1,198",305,0.255,471,0.393,100,17,6,33,0.319,302.2,175,140,3.24
Howard (MEAC),48,19,29,0,0.396,223,4.65,"1,300",376,0.289,519,0.399,105,23,3,25,0.352,306.1,299,241,5.51
Idaho St. (Big Sky),47,20,27,0,0.426,152,3.23,"1,194",292,0.245,421,0.353,113,18,8,48,0.317,310,245,188,4.25
Illinois (Big Ten),58,33,25,0,0.569,322,5.55,"1,581",492,0.311,797,0.504,174,31,11,35,0.388,380.2,296,220,4.05
Illinois St. (MVC),51,18,33,0,0.353,197,3.86,"1,301",335,0.257,496,0.381,152,30,7,35,0.347,321.1,246,194,4.23
Indiana (Big Ten),57,36,21,0,0.632,246,4.32,"1,408",370,0.263,564,0.401,162,36,8,44,0.352,384.2,163,122,2.22
Indiana St. (MVC),54,19,35,0,0.352,219,4.06,"1,487",414,0.278,558,0.375,127,19,12,24,0.34,350.1,307,250,5
Iona (MAAC),46,19,27,0,0.413,155,3.37,"1,244",307,0.247,418,0.336,111,17,3,11,0.316,306.1,166,114,2.61
Iowa (Big Ten),51,19,32,0,0.373,137,2.69,"1,240",267,0.215,377,0.304,104,29,12,34,0.289,327.2,234,188,4.02
Iowa St. (Big 12),62,37,25,0,0.597,248,4,"1,657",444,0.268,709,0.428,142,34,12,40,0.336,424,248,197,3.25
IUPUI (Horizon),56,18,38,0,0.321,226,4.04,"1,488",383,0.257,542,0.364,151,35,11,26,0.338,360.2,347,295,5.73
Jackson St. (SWAC),47,12,35,0,0.255,141,3,"1,112",229,0.206,302,0.272,145,42,3,27,0.32,284,292,225,5.55
Jacksonville (ASUN),50,15,35,0,0.3,150,3,"1,306",307,0.235,440,0.337,121,31,8,29,0.313,344.1,214,172,3.5
Jacksonville St. (OVC),51,36,15,0,0.706,287,5.63,"1,374",389,0.283,673,0.49,132,38,12,22,0.359,342,201,165,3.38
James Madison (CAA),61,51,10,0,0.836,462,7.57,"1,621",539,0.333,955,0.589,251,25,17,29,0.426,389,135,92,1.66
Kansas (Big 12),51,15,36,0,0.294,160,3.14,"1,310",322,0.246,480,0.366,115,26,3,24,0.318,333.2,268,236,4.95
Kansas City (WAC),56,27,29,0,0.482,269,4.8,"1,521",426,0.28,645,0.424,150,26,7,15,0.353,372,244,175,3.29
Kennesaw St. (ASUN),55,26,29,0,0.473,220,4,"1,445",391,0.271,583,0.403,164,25,7,37,0.353,366.1,237,179,3.42
Kent St. (MAC),54,28,26,0,0.519,215,3.98,"1,418",397,0.28,589,0.415,100,36,6,29,0.342,341.2,234,196,4.02
Kentucky (SEC),60,36,24,0,0.6,381,6.35,"1,580",479,0.303,808,0.511,227,42,16,35,0.401,385.1,209,170,3.09
La Salle (Atlantic 10),45,12,33,0,0.267,157,3.49,"1,165",281,0.241,429,0.368,96,16,6,35,0.306,294.1,264,192,4.57
La.-Monroe (Sun Belt),56,14,42,0,0.25,195,3.48,"1,408",328,0.233,449,0.319,157,38,9,32,0.324,353.1,343,282,5.59
Lafayette (Patriot),49,8,40,1,0.173,110,2.24,"1,217",253,0.208,333,0.274,88,23,3,20,0.273,309.2,266,221,5
Lamar University (Southland),57,23,34,0,0.404,155,2.72,"1,437",339,0.236,413,0.287,136,32,15,46,0.313,381.1,244,163,2.99
Lehigh (Patriot),55,27,28,0,0.491,206,3.75,"1,496",433,0.289,568,0.38,124,11,6,24,0.347,357.2,242,190,3.72
Liberty (ASUN),62,40,22,0,0.645,260,4.19,"1,587",438,0.276,617,0.389,152,37,12,31,0.351,410,130,94,1.6
Lipscomb (ASUN),58,42,15,1,0.733,298,5.14,"1,534",431,0.281,643,0.419,241,24,13,27,0.384,397,184,158,2.79
LIU (NEC),54,36,18,0,0.667,263,4.87,"1,492",443,0.297,603,0.404,131,35,9,20,0.365,358.1,187,161,3.15
LMU (CA) (WCC),61,40,21,0,0.656,245,4.02,"1,592",436,0.274,644,0.405,170,35,14,49,0.354,423.2,206,146,2.41
Long Beach St. (Big West),50,25,25,0,0.5,252,5.04,"1,367",406,0.297,591,0.432,155,34,9,11,0.38,335,193,146,3.05
Longwood (Big South),59,37,22,0,0.627,280,4.75,"1,555",420,0.27,637,0.41,141,25,14,25,0.338,391,220,173,3.1
Louisiana (Sun Belt),58,52,6,0,0.897,387,6.67,"1,466",484,0.33,763,0.52,219,29,24,22,0.421,374,101,79,1.48
Louisiana Tech (C-USA),61,45,16,0,0.738,370,6.07,"1,575",480,0.305,719,0.457,224,20,16,31,0.395,394,198,162,2.88
Louisville (ACC),58,35,23,0,0.603,311,5.36,"1,525",428,0.281,677,0.444,187,53,15,16,0.375,380.2,229,178,3.27
Loyola Chicago (MVC),50,25,25,0,0.5,239,4.78,"1,333",403,0.302,570,0.428,115,26,11,26,0.366,323,206,168,3.64
LSU (SEC),62,43,19,0,0.694,359,5.79,"1,595",484,0.303,808,0.507,234,57,21,17,0.406,401,175,143,2.5
Maine (America East),41,12,29,0,0.293,127,3.1,"1,070",247,0.231,378,0.353,100,7,10,13,0.298,268.2,212,167,4.35
Manhattan (MAAC),50,21,29,0,0.42,219,4.38,"1,345",367,0.273,526,0.391,200,31,10,14,0.377,323.1,224,191,4.14
Marist (MAAC),57,35,22,0,0.614,242,4.25,"1,527",410,0.269,602,0.394,148,42,9,32,0.348,383.1,187,147,2.68
Marshall (C-USA),64,42,22,0,0.656,339,5.3,"1,606",439,0.273,785,0.489,220,74,14,25,0.383,411.2,201,169,2.87
Maryland (Big Ten),51,20,31,0,0.392,216,4.24,"1,333",384,0.288,540,0.405,121,12,10,28,0.35,324.2,347,271,5.84
Massachusetts (Atlantic 10),48,26,22,0,0.542,223,4.65,"1,339",394,0.294,510,0.381,156,39,15,21,0.38,323.2,185,140,3.03
McNeese (Southland),65,33,32,0,0.508,220,3.38,"1,732",453,0.262,594,0.343,137,34,13,44,0.326,459.2,215,166,2.53
Memphis (AAC),55,22,33,0,0.4,220,4,"1,401",354,0.253,542,0.387,127,28,9,24,0.325,351.1,254,203,4.04
Mercer (SoCon),56,27,29,0,0.482,284,5.07,"1,477",411,0.278,567,0.384,155,53,13,40,0.365,368.1,291,240,4.56
Miami (OH) (MAC),51,35,16,0,0.686,220,4.31,"1,386",381,0.275,608,0.439,109,27,11,35,0.337,354.1,150,129,2.55
Michigan (Big Ten),58,45,13,0,0.776,354,6.1,"1,582",496,0.314,766,0.484,192,61,22,32,0.403,388.1,127,111,2
Michigan St. (Big Ten),50,16,34,0,0.32,244,4.88,"1,280",347,0.271,564,0.441,191,20,19,21,0.37,315,340,262,5.82
Middle Tenn. (C-USA),59,29,30,0,0.492,213,3.61,"1,551",409,0.264,566,0.365,161,23,8,58,0.34,399.2,263,218,3.82
Minnesota (Big Ten),60,46,14,0,0.767,323,5.38,"1,543",438,0.284,765,0.496,225,20,12,42,0.379,398,123,95,1.67
Mississippi St. (SEC),58,35,23,0,0.603,300,5.17,"1,542",456,0.296,746,0.484,128,48,14,14,0.365,381.2,248,183,3.36
Mississippi Val. (SWAC),39,9,30,0,0.231,121,3.1,996,238,0.239,325,0.326,92,7,8,18,0.306,243,259,196,5.65
Missouri (SEC),60,35,25,0,0.583,313,5.22,"1,573",447,0.284,738,0.469,190,32,13,30,0.37,390.2,239,185,3.31
Missouri St. (MVC),51,30,21,0,0.588,208,4.08,"1,349",373,0.277,491,0.364,155,21,14,27,0.357,338.1,186,144,2.98
Monmouth (MAAC),54,36,18,0,0.667,223,4.13,"1,415",386,0.273,590,0.417,113,22,16,9,0.333,353,138,114,2.26
Montana (Big Sky),56,25,31,0,0.446,248,4.43,"1,528",436,0.285,658,0.431,140,34,5,44,0.357,369.2,283,219,4.15
Morehead St. (OVC),45,3,42,0,0.067,104,2.31,"1,001",197,0.197,293,0.293,82,34,4,24,0.279,256,428,359,9.82
Morgan St. (MEAC),46,22,24,0,0.478,232,5.04,"1,142",315,0.276,440,0.385,150,11,18,34,0.36,288,251,194,4.72
Mount St. Mary's (NEC),54,26,28,0,0.481,275,5.09,"1,475",443,0.3,653,0.443,125,31,5,30,0.366,341.1,235,171,3.51
Murray St. (OVC),53,26,27,0,0.491,227,4.28,"1,398",373,0.267,522,0.373,150,19,10,32,0.344,351.1,233,180,3.59
N.C. A&T (MEAC),40,9,31,0,0.225,119,2.98,984,238,0.242,297,0.302,76,29,4,14,0.314,242,241,184,5.32
N.C. Central (MEAC),49,23,26,0,0.469,198,4.04,"1,247",328,0.263,442,0.354,100,28,9,16,0.329,309,231,182,4.12
NC State (ACC),58,31,27,0,0.534,229,3.95,"1,426",328,0.23,586,0.411,189,45,5,18,0.338,379.2,235,187,3.45
Nebraska (Big Ten),52,21,31,0,0.404,254,4.88,"1,342",358,0.267,590,0.44,184,31,13,16,0.365,328.2,276,216,4.6
Nevada (Mountain West),56,29,27,0,0.518,260,4.64,"1,496",420,0.281,642,0.429,165,25,7,24,0.36,362.2,234,195,3.76
New Mexico (Mountain West),53,12,41,0,0.226,189,3.57,"1,281",296,0.231,470,0.367,179,20,7,5,0.333,317.1,375,302,6.66
New Mexico St. (WAC),55,33,22,0,0.6,287,5.22,"1,427",411,0.288,705,0.494,164,35,11,14,0.373,362,225,177,3.42
Niagara (MAAC),50,18,32,0,0.36,160,3.2,"1,264",298,0.236,427,0.338,134,19,6,37,0.317,320,228,186,4.07
Nicholls St. (Southland),56,34,22,0,0.607,230,4.11,"1,436",384,0.267,567,0.395,122,27,17,48,0.333,372.2,151,119,2.24
Norfolk St. (MEAC),45,25,20,0,0.556,200,4.44,"1,206",326,0.27,466,0.386,114,29,10,17,0.345,304.1,178,116,2.67
North Carolina (ACC),58,38,20,0,0.655,274,4.72,"1,459",412,0.282,581,0.398,205,31,15,22,0.379,381,185,157,2.88
North Dakota (Summit League),56,22,34,0,0.393,212,3.79,"1,517",380,0.25,529,0.349,146,38,11,17,0.329,368.1,286,214,4.07
North Dakota St. (Summit League),58,42,16,0,0.724,299,5.16,"1,522",462,0.304,686,0.451,150,11,8,56,0.368,384.2,159,141,2.57
North Florida (ASUN),54,30,24,0,0.556,199,3.69,"1,406",392,0.279,540,0.384,107,35,9,29,0.343,356,182,144,2.83
North Texas (C-USA),54,35,19,0,0.648,279,5.17,"1,391",384,0.276,587,0.422,207,45,11,26,0.385,352,193,138,2.74
Northern Colo. (Big Sky),53,14,39,0,0.264,170,3.21,"1,335",313,0.234,436,0.327,126,26,6,40,0.311,340,339,277,5.7
Northern Ill. (MAC),52,27,25,0,0.519,244,4.69,"1,358",392,0.289,577,0.425,159,33,5,35,0.376,341.1,231,186,3.81
Northern Ky. (Horizon),55,22,33,0,0.4,182,3.31,"1,522",385,0.253,496,0.326,140,18,8,39,0.322,381,241,199,3.66
Northwestern (Big Ten),60,47,13,0,0.783,314,5.23,"1,512",402,0.266,671,0.444,262,41,8,21,0.387,398.1,136,111,1.95
Northwestern St. (Southland),57,30,27,0,0.526,220,3.86,"1,475",385,0.261,571,0.387,171,39,14,38,0.35,374,203,151,2.83
Notre Dame (ACC),55,37,18,0,0.673,330,6,"1,466",484,0.33,720,0.491,172,42,15,32,0.412,352.2,182,135,2.68
Oakland (Horizon),51,18,33,0,0.353,240,4.71,"1,446",422,0.292,582,0.402,149,34,9,41,0.369,338,327,260,5.38
Ohio (MAC),55,34,21,0,0.618,299,5.44,"1,533",453,0.295,749,0.489,169,44,10,31,0.379,365.1,223,172,3.3
Ohio St. (Big Ten),53,35,18,0,0.66,270,5.09,"1,454",430,0.296,698,0.48,153,36,10,20,0.374,351.1,155,115,2.29
Oklahoma (Big 12),63,57,6,0,0.905,460,7.3,"1,640",564,0.344,"1,048",0.639,234,52,26,32,0.435,399.1,89,80,1.4
Oklahoma St. (Big 12),62,45,17,0,0.726,356,5.74,"1,610",459,0.285,813,0.505,237,30,13,20,0.384,404,182,159,2.75
Ole Miss (SEC),61,41,20,0,0.672,316,5.18,"1,568",430,0.274,663,0.423,166,65,18,19,0.364,404,170,132,2.29
Omaha (Summit League),47,4,43,0,0.085,119,2.53,"1,157",249,0.215,360,0.311,101,27,6,21,0.292,295.1,357,287,6.8
Oregon (Pac-12),52,22,30,0,0.423,225,4.33,"1,311",347,0.265,538,0.41,195,20,13,20,0.365,332.1,285,242,5.1
Oregon St. (Pac-12),45,26,19,0,0.578,183,4.07,"1,165",300,0.258,444,0.381,109,26,8,13,0.333,291.1,184,147,3.53
Pacific (WCC),49,17,32,0,0.347,148,3.02,"1,194",291,0.244,411,0.344,117,19,11,20,0.318,314,263,190,4.24
Penn (Ivy League),39,22,17,0,0.564,184,4.72,"1,067",342,0.321,478,0.448,108,16,13,16,0.387,257.2,146,116,3.15
Penn St. (Big Ten),56,24,32,0,0.429,220,3.93,"1,401",366,0.261,598,0.427,141,31,9,37,0.34,362.2,253,182,3.51
Pittsburgh (ACC),54,13,41,0,0.241,192,3.56,"1,362",332,0.244,547,0.402,163,33,7,28,0.337,345.1,384,305,6.18
Portland St. (Big Sky),51,20,31,0,0.392,221,4.33,"1,447",423,0.292,598,0.413,126,20,8,48,0.355,343.2,259,214,4.36
Prairie View (SWAC),47,30,17,0,0.638,258,5.49,"1,252",380,0.304,539,0.431,161,36,10,48,0.395,307.1,179,148,3.37
Presbyterian (Big South),53,11,40,2,0.226,173,3.26,"1,385",351,0.253,444,0.321,125,13,15,26,0.318,331,322,263,5.56
Princeton (Ivy League),41,14,27,0,0.341,151,3.68,992,273,0.275,346,0.349,98,23,9,32,0.351,248.2,234,188,5.29
Providence (Big East),52,30,22,0,0.577,194,3.73,"1,403",355,0.253,522,0.372,132,22,13,18,0.324,353.2,167,134,2.65
Purdue (Big Ten),63,34,29,0,0.54,300,4.76,"1,662",469,0.282,685,0.412,212,52,20,11,0.377,412.1,281,235,3.99
Purdue Fort Wayne (Summit League),49,10,39,0,0.204,133,2.71,"1,243",298,0.24,390,0.314,119,30,3,40,0.32,315.2,279,203,4.5
Quinnipiac (MAAC),50,17,33,0,0.34,165,3.3,"1,273",292,0.229,395,0.31,153,21,4,28,0.321,328.1,223,181,3.86
Radford (Big South),59,25,34,0,0.424,255,4.32,"1,612",455,0.282,670,0.416,143,26,10,24,0.348,391.2,237,186,3.32
Rhode Island (Atlantic 10),46,17,29,0,0.37,154,3.35,"1,181",307,0.26,470,0.398,139,8,4,18,0.341,300,211,153,3.57
Rider (MAAC),54,10,44,0,0.185,124,2.3,"1,343",294,0.219,395,0.294,112,29,3,20,0.293,334,342,297,6.22
Robert Morris (NEC),51,14,37,0,0.275,162,3.18,"1,300",312,0.24,459,0.353,79,27,11,27,0.295,319.2,292,229,5.01
Rutgers (Big Ten),55,29,26,0,0.527,235,4.27,"1,371",345,0.252,584,0.426,144,46,7,37,0.341,355,221,182,3.59
Sacramento St. (Big Sky),56,31,25,0,0.554,276,4.93,"1,546",438,0.283,676,0.437,147,45,13,39,0.36,386,205,159,2.88
Sacred Heart (NEC),55,28,27,0,0.509,214,3.89,"1,494",411,0.275,605,0.405,144,16,10,43,0.343,368.1,222,169,3.21
Saint Francis (PA) (NEC),60,29,31,0,0.483,348,5.8,"1,672",480,0.287,805,0.481,187,71,20,11,0.378,391.2,372,302,5.4
Saint Joseph's (Atlantic 10),53,28,25,0,0.528,255,4.81,"1,412",378,0.268,542,0.384,131,20,17,14,0.335,344.1,222,172,3.5
Saint Louis (Atlantic 10),52,19,33,0,0.365,233,4.48,"1,386",408,0.294,630,0.455,107,26,9,25,0.354,325.1,314,235,5.06
Saint Mary's (CA) (WCC),51,14,37,0,0.275,118,2.31,"1,265",282,0.223,350,0.277,108,35,6,17,0.301,332.2,271,226,4.76
Saint Peter's (MAAC),56,9,47,0,0.161,131,2.34,"1,346",265,0.197,385,0.286,117,13,7,17,0.266,343.1,409,316,6.44
Sam Houston St. (Southland),58,35,23,0,0.603,208,3.59,"1,505",378,0.251,567,0.377,99,15,6,43,0.303,391.1,168,137,2.45
Samford (SoCon),54,23,31,0,0.426,210,3.89,"1,424",368,0.258,563,0.395,135,28,11,38,0.332,359.2,277,241,4.69
San Diego (WCC),49,20,29,0,0.408,166,3.39,"1,204",320,0.266,431,0.358,157,20,13,42,0.357,311.1,248,203,4.56
San Diego St. (Mountain West),51,25,26,0,0.49,167,3.27,"1,372",363,0.265,474,0.345,109,16,5,26,0.325,343.2,239,189,3.85
San Jose St. (Mountain West),53,37,16,0,0.698,230,4.34,"1,408",388,0.276,554,0.393,182,18,13,12,0.363,362.2,166,134,2.59
Santa Clara (WCC),50,16,34,0,0.32,179,3.58,"1,274",343,0.269,447,0.351,140,33,7,56,0.355,330.1,292,239,5.06
Savannah St. (MEAC),36,9,27,0,0.25,128,3.56,916,227,0.248,307,0.335,101,30,6,31,0.34,236.1,201,153,4.53
Seattle U (WAC),57,40,17,0,0.702,303,5.32,"1,543",476,0.308,718,0.465,157,33,12,19,0.382,375.2,173,126,2.35
Seton Hall (Big East),48,24,24,0,0.5,214,4.46,"1,264",350,0.277,565,0.447,136,21,11,7,0.354,317,254,194,4.28
SFA (Southland),59,36,23,0,0.61,226,3.83,"1,600",438,0.274,602,0.376,130,54,6,72,0.347,410.1,167,137,2.34
Siena (MAAC),47,22,25,0,0.468,162,3.45,"1,219",323,0.265,440,0.361,112,33,11,29,0.34,310.2,209,176,3.97
SIUE (OVC),44,16,28,0,0.364,196,4.45,"1,179",320,0.271,473,0.401,100,33,11,21,0.342,285.1,260,225,5.52
South Alabama (Sun Belt),49,18,31,0,0.367,249,5.08,"1,333",388,0.291,631,0.473,152,31,6,21,0.375,320.1,275,222,4.85
South Carolina (SEC),57,38,19,0,0.667,335,5.88,"1,505",460,0.306,802,0.533,200,70,19,21,0.407,377,195,159,2.95
South Carolina St. (MEAC),36,0,36,0,0,50,1.39,748,152,0.203,181,0.242,59,6,2,9,0.266,182.1,358,286,10.98
South Dakota (Summit League),61,33,28,0,0.541,280,4.59,"1,653",473,0.286,683,0.413,143,20,17,20,0.347,401,275,219,3.82
South Dakota St. (Summit League),56,37,19,0,0.661,298,5.32,"1,511",415,0.275,656,0.434,213,29,10,5,0.373,371.1,217,187,3.53
South Fla. (AAC),60,41,19,0,0.683,192,3.2,"1,524",373,0.245,512,0.336,153,23,18,35,0.32,426,141,130,2.14
Southeast Mo. St. (OVC),64,46,18,0,0.719,363,5.67,"1,667",501,0.301,850,0.51,180,48,11,29,0.382,414,203,161,2.72
Southeastern La. (Southland),57,34,23,0,0.596,300,5.26,"1,545",465,0.301,623,0.403,176,21,14,49,0.377,392.1,191,154,2.75
Southern Ill. (MVC),49,34,15,0,0.694,265,5.41,"1,267",383,0.302,580,0.458,178,42,13,50,0.402,334.2,153,134,2.8
Southern Miss. (C-USA),52,30,22,0,0.577,246,4.73,"1,351",386,0.286,571,0.423,162,23,16,32,0.368,343.1,152,116,2.37
Southern U. (SWAC),35,8,27,0,0.229,89,2.54,858,197,0.23,231,0.269,92,10,4,36,0.31,228.2,162,119,3.64
Southern Utah (Big Sky),40,6,34,0,0.15,158,3.95,"1,066",293,0.275,419,0.393,70,31,4,38,0.336,255,304,247,6.78
St. Bonaventure (Atlantic 10),45,9,36,0,0.2,135,3,"1,119",269,0.24,372,0.332,104,23,6,15,0.316,274.2,326,260,6.63
St. John's (NY) (Big East),48,26,22,0,0.542,244,5.08,"1,241",354,0.285,575,0.463,154,33,9,24,0.376,317,260,199,4.39
Stanford (Pac-12),53,33,20,0,0.623,247,4.66,"1,338",369,0.276,569,0.425,165,35,12,19,0.367,347,208,163,3.29
Stetson (ASUN),47,16,31,0,0.34,137,2.91,"1,217",294,0.242,360,0.296,119,27,10,29,0.32,318,233,151,3.32
Stony Brook (America East),51,32,19,0,0.627,250,4.9,"1,364",395,0.29,631,0.463,154,27,12,28,0.37,339.2,155,120,2.47
Syracuse (ACC),53,21,32,0,0.396,234,4.42,"1,284",338,0.263,520,0.405,158,39,13,25,0.358,322.2,280,216,4.69
Tennessee (SEC),60,43,17,0,0.717,345,5.75,"1,548",467,0.302,704,0.455,193,44,13,24,0.392,387,137,122,2.21
Tennessee St. (OVC),42,13,29,0,0.31,128,3.05,"1,088",271,0.249,357,0.328,102,24,8,21,0.325,278.1,240,169,4.25
Tennessee Tech (OVC),45,18,27,0,0.4,178,3.96,"1,188",287,0.242,457,0.385,96,23,6,6,0.309,296.2,233,181,4.27
Texas (Big 12),63,46,17,0,0.73,317,5.03,"1,610",487,0.302,727,0.452,170,30,12,39,0.377,407.1,131,99,1.7
Texas A&M (SEC),55,28,27,0,0.509,243,4.42,"1,390",380,0.273,542,0.39,148,33,26,31,0.351,361.2,236,191,3.7
Texas Southern (SWAC),52,25,27,0,0.481,194,3.73,"1,333",356,0.267,520,0.39,129,14,12,34,0.335,339,245,178,3.68
Texas St. (Sun Belt),54,29,25,0,0.537,237,4.39,"1,357",354,0.261,507,0.374,221,35,10,50,0.376,353.1,209,179,3.55
Texas Tech (Big 12),58,42,16,0,0.724,352,6.07,"1,512",483,0.319,784,0.519,203,29,16,34,0.406,379,187,164,3.03
Toledo (MAC),57,29,28,0,0.509,250,4.39,"1,501",397,0.264,599,0.399,189,49,14,28,0.362,377.2,267,213,3.95
Towson (CAA),54,27,27,0,0.5,253,4.69,"1,435",392,0.273,607,0.423,164,21,17,18,0.352,357,232,182,3.57
Troy (Sun Belt),57,37,20,0,0.649,230,4.04,"1,466",386,0.263,538,0.367,183,61,9,49,0.366,385.1,177,151,2.74
Tulsa (AAC),57,37,20,0,0.649,255,4.47,"1,521",411,0.27,579,0.381,168,38,12,13,0.355,384,204,154,2.81
UAB (C-USA),50,19,31,0,0.38,218,4.36,"1,361",395,0.29,570,0.419,99,42,13,11,0.354,324.2,249,202,4.36
UC Davis (Big West),53,39,14,0,0.736,249,4.7,"1,375",382,0.278,562,0.409,149,18,15,32,0.353,357.2,122,95,1.86
UC Riverside (Big West),53,26,27,0,0.491,217,4.09,"1,350",370,0.274,519,0.384,139,43,10,21,0.358,347.1,270,214,4.31
UC Santa Barbara (Big West),52,10,42,0,0.192,136,2.62,"1,388",357,0.257,424,0.305,89,19,9,29,0.309,336.2,267,214,4.45
UCF (AAC),55,34,21,0,0.618,191,3.47,"1,407",366,0.26,511,0.363,146,27,11,45,0.339,380.1,133,102,1.88
UCLA (Pac-12),62,56,6,0,0.903,436,7.03,"1,685",572,0.339,922,0.547,210,25,18,22,0.416,405,100,83,1.43
UConn (AAC),50,21,29,0,0.42,194,3.88,"1,328",342,0.258,484,0.364,127,17,9,16,0.328,326.2,177,147,3.15
UIC (Horizon),55,32,23,0,0.582,337,6.13,"1,434",463,0.323,713,0.497,188,16,13,32,0.404,339.2,249,205,4.22
UIW (Southland),48,8,40,0,0.167,117,2.44,"1,199",247,0.206,341,0.284,100,32,4,22,0.284,299.2,306,250,5.84
UMass Lowell (America East),48,28,20,0,0.583,213,4.44,"1,310",351,0.268,550,0.42,144,24,16,13,0.347,322,196,159,3.46
UMBC (America East),54,30,24,0,0.556,226,4.19,"1,417",392,0.277,538,0.38,103,30,9,25,0.337,349,179,140,2.81
UMES (MEAC),39,8,31,0,0.205,111,2.85,891,206,0.231,272,0.305,102,15,7,27,0.318,222,300,237,7.47
UNC Greensboro (SoCon),56,33,23,0,0.589,255,4.55,"1,458",386,0.265,638,0.438,181,43,9,32,0.361,374.1,228,171,3.2
UNCW (CAA),54,26,28,0,0.481,224,4.15,"1,359",331,0.244,537,0.395,163,63,19,10,0.347,351,246,199,3.97
UNI (MVC),51,28,23,0,0.549,261,5.12,"1,365",359,0.263,597,0.437,176,41,14,5,0.361,337,206,161,3.34
UNLV (Mountain West),50,36,14,0,0.72,257,5.14,"1,364",428,0.314,620,0.455,141,17,20,27,0.38,342.2,131,117,2.39
USC Upstate (Big South),56,41,15,0,0.732,309,5.52,"1,427",438,0.307,648,0.454,159,22,19,45,0.38,366.2,122,90,1.72
UT Arlington (Sun Belt),63,36,27,0,0.571,313,4.97,"1,708",528,0.309,687,0.402,185,31,15,82,0.384,432.1,247,210,3.4
UT Martin (OVC),56,29,27,0,0.518,237,4.23,"1,389",374,0.269,519,0.374,119,34,15,49,0.338,360,199,161,3.13
Utah (Pac-12),54,19,35,0,0.352,209,3.87,"1,344",371,0.276,576,0.429,139,35,8,38,0.357,332.2,348,298,6.27
Utah St. (Mountain West),47,17,30,0,0.362,226,4.81,"1,239",341,0.275,545,0.44,134,50,8,8,0.367,289,271,232,5.62
Utah Valley (WAC),46,15,31,0,0.326,198,4.3,"1,204",344,0.286,533,0.443,120,18,8,28,0.357,285,278,226,5.55
UTEP (C-USA),50,17,33,0,0.34,221,4.42,"1,294",370,0.286,593,0.458,127,26,7,17,0.36,300,337,300,7
UTSA (C-USA),52,21,31,0,0.404,181,3.48,"1,308",303,0.232,485,0.371,189,29,8,6,0.34,332,253,192,4.05
Valparaiso (MVC),47,16,31,0,0.34,155,3.3,"1,139",249,0.219,370,0.325,125,22,11,29,0.305,296,259,227,5.37
Villanova (Big East),53,29,24,0,0.547,281,5.3,"1,391",382,0.275,635,0.457,164,38,18,12,0.363,341,238,193,3.96
Virginia (ACC),53,22,31,0,0.415,214,4.04,"1,344",361,0.269,605,0.45,119,16,18,7,0.331,325,299,250,5.38
Virginia Tech (ACC),58,47,11,0,0.81,395,6.81,"1,543",515,0.334,922,0.598,194,39,17,12,0.417,368,149,104,1.98
Wagner (NEC),44,15,29,0,0.341,188,4.27,"1,127",314,0.279,405,0.359,103,20,10,24,0.347,271.1,298,247,6.37
Washington (Pac-12),61,52,9,0,0.852,320,5.25,"1,643",488,0.297,723,0.44,208,29,12,25,0.383,418.2,104,88,1.47
Weber St. (Big Sky),48,27,21,0,0.563,216,4.5,"1,240",386,0.311,521,0.42,132,15,8,48,0.382,306,222,183,4.19
Western Caro. (SoCon),53,21,32,0,0.396,198,3.74,"1,350",320,0.237,511,0.379,133,35,14,36,0.319,342.1,284,227,4.64
Western Ill. (Summit League),40,20,20,0,0.5,181,4.53,"1,095",281,0.257,389,0.355,159,17,12,20,0.356,273.1,167,142,3.64
Western Ky. (C-USA),50,37,13,0,0.74,270,5.4,"1,282",373,0.291,605,0.472,137,21,17,31,0.364,327.2,142,126,2.69
Western Mich. (MAC),46,18,28,0,0.391,184,4,"1,278",352,0.275,499,0.39,88,19,5,42,0.33,311,218,152,3.42
Wichita St. (AAC),56,32,24,0,0.571,286,5.11,"1,459",409,0.28,654,0.448,209,37,8,44,0.382,371.2,203,176,3.31
Winthrop (Big South),55,30,25,0,0.545,254,4.62,"1,456",383,0.263,572,0.393,154,58,17,24,0.353,362,241,195,3.77
Wisconsin (Big Ten),57,43,14,0,0.754,334,5.86,"1,451",402,0.277,698,0.481,234,36,12,39,0.388,375.2,147,118,2.2
Wright St. (Horizon),55,22,33,0,0.4,228,4.15,"1,459",385,0.264,511,0.35,170,24,15,13,0.347,356.2,320,205,4.02
Yale (Ivy League),43,16,27,0,0.372,163,3.79,"1,146",322,0.281,430,0.375,102,9,8,26,0.342,283.1,198,152,3.76
Youngstown St. (Horizon),54,25,29,0,0.463,157,2.91,"1,421",335,0.236,486,0.342,150,31,9,32,0.32,372,229,178,3.35
